{"version":2,"hash":{"type":"Buffer","data":"p8GKm9SoSfRz/rMkPOBH2dSMXOy/jgWKRvj/hMbr0WDhPVymLMhu8BzVTpKMORhBw1rjPT7ZzlM+kM/ZzMJpFRVjLszeZ/mjriTb+RH9MahjGkLF+zUs4dUsvmUHk1d2DJVFW8+95KNoa2qVzaldukX2+q0NRKyEtWOHhX7rrtk="},"indexValueMap":{"BAVMLAc5Z78mV5SZaFhRh4fm+iugB39EX0lwYIDr6Ag=":{"valueMac":{"type":"Buffer","data":"hZzh4RgctP8rAaGNAYVHv4vaoLxO/YvXQdI0vltthGs="}},"BYpzQ8kcR6yHbnXZFfOkfrke4H80tRL35RjeU+q6B7A=":{"valueMac":{"type":"Buffer","data":"cEJRRYYlZtmgIADUyTimNirf9/BCc59uip0k4VJIUxQ="}},"EfHabCuGwM2F0Ftdl8gPsLkVkyJh5c2Pftsx6CnwT6Y=":{"valueMac":{"type":"Buffer","data":"ERLBHVhlymgOwEsZlMhmrUXk3MHt1TBXYvyoXEhUd5A="}},"Hgk+8mTSlA3q/V66dpYA2j1Eqy+ElbO/HMUcCuBccPc=":{"valueMac":{"type":"Buffer","data":"/WPRyUsBEGR+gH5fBSJd1zLnf/Fr/CdrK7WrW1x8rro="}},"JczGBbEPHd19SHCwRttIqPTjhajOoeoLQCdRxVHpjmU=":{"valueMac":{"type":"Buffer","data":"qpUEuk7UshrOdvFJLiKkElxl+CwTpBIk9vmm3NE8ImM="}},"KG8OF508PHhoj8EeGQICzbYw2J05ou4LOhwJyqp9Y2o=":{"valueMac":{"type":"Buffer","data":"A2aGzII7lQ+6K+oimetHExd1xnrGxNPUegogoq3ffn8="}},"KpKVFRcKWU5kjq6/f7t+jm7oKlzsavFRKlOFhx63vQA=":{"valueMac":{"type":"Buffer","data":"es7P84el0zci23xs+dxwWofyoTY2BiWv/lQQWT65Tc8="}},"LluFiGbj+9ZmaASE/W/xHFfj5Ap9+mhX5sJ02bMdLyU=":{"valueMac":{"type":"Buffer","data":"2wi8fOKrkz2y+x6MEOq79/4tfX/nh3YZXB5YMKmA+Ag="}},"Lud8EOEDgNhRk49lAtqUA15Mw2P8kYKVZku+Voj+BS4=":{"valueMac":{"type":"Buffer","data":"7DVIPWNNM+7Zlgl0FZiCw2btWomP3xdfEJ2o+ZP2aLg="}},"QLPNUh2t6h0T8MBcFlxCCXp9pCs1CfuEbncWwJljZQ0=":{"valueMac":{"type":"Buffer","data":"VQwydlo6YdN7L4JO2xrLvrBu9aWEh9SyGviuE3wZQHw="}},"QnIaJ/gf092UVIL92TGrrIYpH/1AteShDoRVEMTveEY=":{"valueMac":{"type":"Buffer","data":"G61wmzS0HxlFIueCbSTrZhJcm9DsuJhrR1T8RBHokXY="}},"SI6vtbwefw2m8FSzm9Fes4tYH/7W+ZLWXraLEM10MWk=":{"valueMac":{"type":"Buffer","data":"g0A7mSB6R1XpHHfL5GjvjWbxGwjaPNj/XmgWVzJw2IM="}},"TMdjENQWwFKh8mhxrx7oUSSGShUuicKzt6IHriGyPNU=":{"valueMac":{"type":"Buffer","data":"TXDbqHyG3dGy9BlXfQ3VRFGfk1KPvID5D3B+m6bKJwg="}},"TdWChOQuM9xJliwkKUx4GggDD6OpZI1a57eEkSNA+fo=":{"valueMac":{"type":"Buffer","data":"ldYsAK0UK2gRYLf7obp0/aBrqlBSK/ZYjEqCzSa7z50="}},"VqE1qWXPPGHClOQn5HO7oDCUbQYI2c2Gxm4S+8FNEcc=":{"valueMac":{"type":"Buffer","data":"451KRmb8/Njh+6I1qxvikAeYe6+wWdY7lF97brY2Eds="}},"WwC8B0UMbEwoVB3lfkr6K0up/r8FvKdCRmtRsvSt3Us=":{"valueMac":{"type":"Buffer","data":"5F7UiPBnc+SkQt1lkOTZ+w4SkLVqrmp8FPCa1yXS6Bg="}},"XMA2sX3J3G8bZuBmb+YxqzzGvJb+bJB/XTqlEXKgt74=":{"valueMac":{"type":"Buffer","data":"3L1xQByo3Ve82C4jxgeFEGENo5tSVZ2OvCQ1bVqTKyM="}},"XuUCsJmehnwuP6nP7yKjpOCoior5yBq2kRmlWbhR9es=":{"valueMac":{"type":"Buffer","data":"Ij53v5+Tgn0cyDUWeTN8eqr3Nc1FQIJrVTmgveypFgE="}},"YrUyKXi5oVkLLJajlYc6j9801Z54gbP0z71vIJIEC6I=":{"valueMac":{"type":"Buffer","data":"gF4HqS+TiNA7BnIj1ObXi67wnfNHcCMpPLu5zb7c9zE="}},"bW923/4gcZGbnx8KadZaSt1xIgCKZOMk9lo0QSwgHek=":{"valueMac":{"type":"Buffer","data":"Cxxzvbcn8lKv3NkezUYqjDvutM4CP5R6Hnz89zmKY0Y="}},"bzzmBFK9h9nUYY1F/bjJY/CauliX+9yAxJMafOGiRTk=":{"valueMac":{"type":"Buffer","data":"2rr6vXvR2Afkx7ylP37t+tsn92mPMwEOXWnE0VR3YPk="}},"cGN4rbIRc28nAws7lqym06q6TATaYfMzrjTpFMtbgNY=":{"valueMac":{"type":"Buffer","data":"x5U4pRwvotXkAuBupgHbqx6XCPzBYJpeXkWIM1deTxM="}},"c9NGw9s0LR2UEI+6RN8Bd1fHoCeXbWYeLmX9iHm+9JM=":{"valueMac":{"type":"Buffer","data":"+rg7rRu7U5b6SuBDX++vz67C33jzpiW4OKDAsMjYgNU="}},"hJ5oZYcuLv/iXAmW0ZyHQobCSnzYsnHslL7w8Pof+Oc=":{"valueMac":{"type":"Buffer","data":"KkBIeqzJT999bDr98gkYIDw9TLjaFmykXqDYI/xoqtA="}},"k5KPzZYAPaztMspWp4MSVbg4/KkEHU5TCjyRM8qDvfc=":{"valueMac":{"type":"Buffer","data":"qbLLDvNWjSq59JtgM5/AvxaRQ/MtSQXmEn6eT/xqDjw="}},"k/Cwz4RIoWejcGu9KluoGMReF1OnAse1YbTzNsdub9M=":{"valueMac":{"type":"Buffer","data":"2kr7Qhg2eZ0KQLg/RxtWd28WG2bFq0ODIgQQ+P2UX/U="}},"lWXZWKFF4+KAFXjdCKBuoKnH5BU1Fo6LTj5hKCbbeEA=":{"valueMac":{"type":"Buffer","data":"ZJBorCzd8w7UC+uAd5E1GS0EXNyJcaDEqAAURvw/qaI="}},"lfZQYmflkpmdGK8H9smADr2s3FQ4wSODUlBjH2jc1N0=":{"valueMac":{"type":"Buffer","data":"YIc6gKl16Ptayi9mdNGJ7anJX53Lmpm3r9eCwSIXelo="}},"lfjLM/cRS5yxRkbJFP1HQ+R4SV5kxDQEFroG/1xsGi4=":{"valueMac":{"type":"Buffer","data":"kuM9dGv4e09gKJ24uba/BtQ4tWZNqwCa8iYR8MkxkXs="}},"pDbNdH8yZCNbcTC5pQYpA57GRCC8Lnxv7ElveeNiULI=":{"valueMac":{"type":"Buffer","data":"T+8Yk232TJoT/LvCzomYdGVuQRQhoK9EnKli61/ONNs="}},"pbEeGTV5tSUis3uzvXapSNXfYjxkTd/9DbdIW+1j1r4=":{"valueMac":{"type":"Buffer","data":"ai+Kfpcb1/GkLYhY5gBFNIPnXXT/V8nqCunhEPLmio0="}},"szvu8ADzFZbM/kzhgWBM5OBGHXuEYGGlwOaEY9hDI5U=":{"valueMac":{"type":"Buffer","data":"qUW4f8ENYcp5Yl8Vh6QETS6yKIAvDoGp32Ld3LUZJz8="}},"s4unfFyYRFFCtu+sWE35HHtpqOlriC16UeNWJtIXv4Q=":{"valueMac":{"type":"Buffer","data":"KujkNY6hufP7TSBR2NyRwdYREJrnfeVTT0CHw6MaGzw="}},"vnDh+cVbde7w/MTvTMyRiYCo0mMFgJMkmzu6I5NdE4U=":{"valueMac":{"type":"Buffer","data":"dVQowXYTV3C+i2VY0K79Jb9UCSMDO84JTSEbR5Xa7KE="}},"wgYAYDwkMwCxx0SXU5ICR/Srzrg0LFRhoD8I16jAgFs=":{"valueMac":{"type":"Buffer","data":"FuLt0HhsExQWrZgm9sEJg8s/ooh6SSKX1lDgFbXiBP0="}},"xFOIyYajqPO2ra1QMACKKJfvJpdTxJ74rj5GvAxRqpM=":{"valueMac":{"type":"Buffer","data":"kkFP8mA8w5+c52jCM5P4bhZ55ba72GB/TMdfvrYUiKM="}},"yII5Cms09NfflEh1hN41Rr4QuJOCcip902EqLw+rbwc=":{"valueMac":{"type":"Buffer","data":"8uBbKTFWaVThuSoX/rMdC7GCVQbUCLDURbjI9yhxdpU="}},"0qkdyi+GRVg3IiuBvD8Mv4xUnqNGDtnlNcUJywxTe8E=":{"valueMac":{"type":"Buffer","data":"iWi770fjh8Q5i+ViZgr6TyvUhjjLpNwtaBwoCsJeUbo="}},"0yEhn8FcVl3cnngNBd5dnTZ2sKsj94ilY2DO8sele00=":{"valueMac":{"type":"Buffer","data":"/9jJslT6lBUku27dxL7OlGaUGG3z5tLOcF98A1YFSfM="}},"3SBkdWdxvCIqz8YfIvFyJcqMKSIzSVjKocDbONGR6ko=":{"valueMac":{"type":"Buffer","data":"ATJ+YRSMIS/3JYvPUzT5Sx8DNYA3dCLcUoKlGGAiQpw="}},"3X+fZZOMQxktIzaV2RbFwf4FNhmgUSTb8NHwObTQVnQ=":{"valueMac":{"type":"Buffer","data":"TDsruxvRkMsCUS/G7Br2XKV1YuMUzT8pfg49Fce4sW4="}},"34RxyaekCB5b3nzr/pBi2b7rVt4Q3d2kB0Brd2U/bI8=":{"valueMac":{"type":"Buffer","data":"DDnZ9yLY4gqyacjSq4iDDYwXgSe7QdLOX+cMJmHQiiM="}},"5Pe6teENkxAiZsNg4dK9IkxIcfsuBtC10MegQREutLw=":{"valueMac":{"type":"Buffer","data":"0yhf7fjHs5jCNrfu1o39IzU6iagrRtO6nHOp09fCFYU="}},"96g9PmYjBd8nDS9lPeuWks618eKvg8Ab4iZ6spaIJTQ=":{"valueMac":{"type":"Buffer","data":"ShTo/8LSaq1u4xCmFwMZZnuTZlgS0iN3Kb68xXATZcY="}},"+f9tCdkryDAY/y+vfc2TrRnBXJfu0dUYOivng4PSZB8=":{"valueMac":{"type":"Buffer","data":"e9897IYFlV3ZIvm0reC5oOFrVEiwmioqgUwwBOTmt8M="}},"/kOMXe4whmQ02ILLJU5JrTObRqpZyvGV2wTlY0yqDMY=":{"valueMac":{"type":"Buffer","data":"ytGj4yZqa8bnnjc/n2QHnj5xtRaQl6Ny1sUg+7P2dpE="}}}}