{"version":9,"hash":{"type":"Buffer","data":"kQzJCxj8CdPnopd7znxCX/bOUOad0t9U285oy9lVSJRKnuQGxWLhEKOJUvn4wVImCw1EXBh8RcVWZE1+7tJVmWSheoFHwU1esikVHYwflNNrzvlHkgJdhmeJmDf0JPOEyvZUokW48iURyOE66aGYs45aUMrr1Hl9pk75G6H4Mn8="},"indexValueMap":{"S9bn7KfcLHaYwe1DIHk9WUG/xnFw/shoaJSGer1SaVc=":{"valueMac":{"type":"Buffer","data":"+rKvrc3bXmtZGytScsR6MnTNkF1d4qr97yXD20wTThA="}},"UUyik0oZLWn6IZF76dGupjUjNOIEpLxXE+NVJUyekOs=":{"valueMac":{"type":"Buffer","data":"anumCWvDkB8X8dN4ghrBY6Wi9z7p4Al8CgjOx/c7d8E="}},"Y9YumUNHTNGLjl/mcsr+xd9bcYzF3mmooEd0h30VdBw=":{"valueMac":{"type":"Buffer","data":"8KpzaHYJ6ADHYgov12uMizsSt+Ja2+Btj+K9d8Z5zeU="}},"aeue7lTRz15wizy7NrnaHQWZu/+XEa3wM649Z9+Nnl8=":{"valueMac":{"type":"Buffer","data":"MEggtbZXxKvGmN6KPzxaqq5Acfp6YLb5XAr9eMw6ma0="}},"rXQI4+HKi3ineFKIxgWe4qMasx8AkG2loLC5wEGISqk=":{"valueMac":{"type":"Buffer","data":"8apJej5m5p7CInE1sEnU/IVbSnC1KKRKn6ab0tAl1+k="}},"x8SfbKd4nx3qAfsbckYmswzbnE/+2ycBWCS1dkLUzvU=":{"valueMac":{"type":"Buffer","data":"1uFbZiYH7BkHjp6YpPl4aLYzAzf+ZX/zfq5VvcL1ggA="}},"ax4AI4yVK3S2+UsxXh2MDwXOmrqiK1G/ihpUhgJSulc=":{"valueMac":{"type":"Buffer","data":"t4CRm35tq4P0aqP5W2qDXqV7ePADldfisgUFjdSRadI="}},"bs42gLoGJ6ORKfdRJevqU4cW5Ruwol0vbP3Khxhu2rA=":{"valueMac":{"type":"Buffer","data":"DcGFA3Mzix4khfYgUkoFApNZbwBYHBbOUKWOslraBV8="}},"HEgTdXNsth1iQ7vzaR1C6jqe+dV7zay0kfTMA8czPTI=":{"valueMac":{"type":"Buffer","data":"ftA9dVmegTDoU+FjAygh+X/SncexdYoUAf+JybRf6kQ="}}}}