{"version":3,"hash":{"type":"Buffer","data":"AKDJ+0XYgJq0a0oWSlb5Z1GsnziL5i/7W1rTBN1vyEB76CtP31UQOCOx05XeJ6B0xHhuS6zA3gCd6bm3LoKNbpTE7D9iwogn1ApZ1O2ODtBBXBXrfLQcJZsXnZdbsMF9LJ4tHGRiVvYdVi8ytCX+baGLL4F84bcoqbeKbgOll5k="},"indexValueMap":{"sd1Dpp/BZ3venWzQvq6L+EzYKxA6TO4AlFbz4DQUlZE=":{"valueMac":{"type":"Buffer","data":"anr2GEyfGUwvMxZyzApj7HNOD9r0YPKouz0aw+9byM4="}},"7prKguVvfoqMWgj+78mnWIft+uPjk7rv642ST0aE6mw=":{"valueMac":{"type":"Buffer","data":"Jj9h3hKEOG/2vaBC7JdXI53xgiG7xCW0OA3qmn5EBtI="}},"9tgluzVmUv67qIkrmQGKd0kJuItMNjmiOjjl2RVp0so=":{"valueMac":{"type":"Buffer","data":"YuJ+5jlXZZSLIPXeE3RO/hwyQfpiAL77DV31Kkr0cLM="}},"0pZBminvb9zqW3Yo1/iPjPG83OgTff/KpwA8b19Nd9U=":{"valueMac":{"type":"Buffer","data":"nEgy0t2gEAA2OCHGd7J61nynua45C6dIHHoo6rN9kbI="}},"QmVOvvqDlkpndwXxl7uXi/xRyfAj7atZFU36QWd+A5A=":{"valueMac":{"type":"Buffer","data":"j/WSlX5GArtHaTwDmjYNJKxrrG48XUNIOm4HWix9AN4="}},"zOzDsIcgBRd5GEfN1VfwRizKdKRGbae4C7f/cChmJd8=":{"valueMac":{"type":"Buffer","data":"y0+i1UsZgncWD7B/gr5UA7/7XvVOPNUxOGOSmLjCpTg="}}}}