{"noiseKey":{"private":{"type":"Buffer","data":"IIzEAGPgn300YpE2Z0YgOaCE1j8ycaAJuMDPZm1QIVI="},"public":{"type":"Buffer","data":"ZTk8ToZ1+VcD4gwvlfjrSniQaCKIdQEbUCG72UHvxg4="}},"pairingEphemeralKeyPair":{"private":{"type":"Buffer","data":"4Pemn4ky7I4n3MbdMvU2v0bV7p6OCzpW3yGuhbVs6Xw="},"public":{"type":"Buffer","data":"QHrwPS3Zo4cx+PZSI1GL5Q/yQ+zGqdiT3p4dRqRSdDU="}},"signedIdentityKey":{"private":{"type":"Buffer","data":"yPTbOzYe2+oza6HdF0o0AlJRNWAC6qd+sQf2GVAdEVY="},"public":{"type":"Buffer","data":"CYz1Uj1qL/KBKeYguFoYu8A7H+N3CXFDzsRDAYCN+Q8="}},"signedPreKey":{"keyPair":{"private":{"type":"Buffer","data":"SKBW1/AGioPDyTL/wfT9L3yfR+luCzU6rP7U6GkMX1E="},"public":{"type":"Buffer","data":"gujlpUVQG8mgWYd2s1V1Vh1vExM9tgQDfwNLwitcrWU="}},"signature":{"type":"Buffer","data":"r4ZDImug28db4vuyJWXIk3vmbjPFyd+8cF2fjV5vdMFja/HN5ZGZ0cQdehI/no73mnDHCSpXmD0uBZsFU2OZgQ=="},"keyId":1},"registrationId":202,"advSecretKey":"TBHmdPL5z87hRFYnU4bGk9+RTbP2KVOeU88vrLM17jk=","processedHistoryMessages":[{"key":{"remoteJid":"6283160542324@s.whatsapp.net","fromMe":true,"id":"7562B30D5ACE0CAEBA96B2CCBE9BEDF3"},"messageTimestamp":1743090539},{"key":{"remoteJid":"6283160542324@s.whatsapp.net","fromMe":true,"id":"D9B76F083F5AA7767355D9BE3DF8DD14"},"messageTimestamp":1743090582},{"key":{"remoteJid":"6283160542324@s.whatsapp.net","fromMe":true,"id":"83B812AA353CBCE7981B61B38034394B"},"messageTimestamp":1743090597}],"nextPreKeyId":31,"firstUnuploadedPreKeyId":31,"accountSyncCounter":1,"accountSettings":{"unarchiveChats":false},"deviceId":"wvSk_ZFnT1S-4suKka2aMQ","phoneId":"fd9e73e9-5016-403e-a0e2-3040fd45e61c","identityId":{"type":"Buffer","data":"FkQhC6TUbkQ8Qs/dtSCMYmz1MGE="},"registered":true,"backupToken":{"type":"Buffer","data":"+eU1SYi6O/cMc+Ot7Aq4upT8l2c="},"registration":{},"pairingCode":"XGCFNP2E","me":{"id":"6283160542324:2@s.whatsapp.net","name":"_"},"account":{"details":"COmwlasHEOHmlb8GGAIgACgA","accountSignatureKey":"+3Gydn0rqs+yUJ8cKtHv15NtAQzvmybDR+84CLefhXQ=","accountSignature":"8TszgbxIbvgk0xUv+kMO919qrom6gE2E87u6oEUS9sqKUd1ILDoCAgRz8HjVLI/ZW1G+AwUD2IL/FBLyUjOpBA==","deviceSignature":"95qCuqiLLvwrZIrdjWa0nhcUeTfmfaGy+XUvKTfLLpd5DF5Up3p9QY2fxAVSbQKYMkyXL2hV0r/x5y750M2jgA=="},"signalIdentities":[{"identifier":{"name":"6283160542324:2@s.whatsapp.net","deviceId":0},"identifierKey":{"type":"Buffer","data":"BftxsnZ9K6rPslCfHCrR79eTbQEM75smw0fvOAi3n4V0"}}],"platform":"android","lastAccountSyncTimestamp":1743090535,"myAppStateKeyId":"AAAAADp6"}