{"_sessions":{"BYSNEE/OnRxqgtuvzaPblueRVTMlm1ZAtfBrEi5O+9gQ":{"registrationId":111018409,"currentRatchet":{"ephemeralKeyPair":{"pubKey":"BavSZi1k/KLNKu/uhI0Os8o2EamW29wQElswp53AHpxh","privKey":"CAOddHT8PISbuP7XL3agyWHSWpAnJh3W9pYLygYjL38="},"lastRemoteEphemeralKey":"BT3QrAaxkFXqmRqVVtc2dTSIj4PWiKztnTOw42B06VQc","previousCounter":0,"rootKey":"BGIJMl/CS2KIIISRveF4zuihAYMMuEf5sY+/Nm2IFZM="},"indexInfo":{"baseKey":"BYSNEE/OnRxqgtuvzaPblueRVTMlm1ZAtfBrEi5O+9gQ","baseKeyType":1,"closed":-1,"used":1743091058952,"created":1743091058952,"remoteIdentityKey":"Be55zi2B7ktrSA3fJX4wM3lx7XdiBz5j6wUTR9Ck0aEk"},"_chains":{"BavSZi1k/KLNKu/uhI0Os8o2EamW29wQElswp53AHpxh":{"chainKey":{"counter":1,"key":"VstJc/JHdPIYronyIpKu0bbCPRapNwe7obkJ0DyKFfo="},"chainType":1,"messageKeys":{}}},"pendingPreKey":{"signedKeyId":7443416,"baseKey":"BYSNEE/OnRxqgtuvzaPblueRVTMlm1ZAtfBrEi5O+9gQ"}}},"version":"v1"}