{"_sessions":{"BRCjlGL0njefOG3hiJg6ENjOLk8qthNAR4hJ0W8miysP":{"registrationId":1457153785,"currentRatchet":{"ephemeralKeyPair":{"pubKey":"BSUKqEAyjWBdX5c8osm959/XEM7GIRTmlQ6NXH4jNuUc","privKey":"4BEo6Aj4/plSuA/MigsoL9z84LoBQUauna2ZywmGjX0="},"lastRemoteEphemeralKey":"BQ8YD1mURfbkh6xNSzCoNDT9exuubMpvtrooQ3gOPH9c","previousCounter":0,"rootKey":"+0fX57GFVCvBlsZSnPP+Dsb6juFb5ruTzkJNOhbEo/g="},"indexInfo":{"baseKey":"BRCjlGL0njefOG3hiJg6ENjOLk8qthNAR4hJ0W8miysP","baseKeyType":1,"closed":1743090899485,"used":1743091036027,"created":1743090891447,"remoteIdentityKey":"BY0SbtRLVjiX9ATXHgq8Uef/TiVZpiyXyQiVWn2Rfshj"},"_chains":{"BQ8YD1mURfbkh6xNSzCoNDT9exuubMpvtrooQ3gOPH9c":{"chainKey":{"counter":0,"key":"NCqttR3wIzxd+7NC/TDu8QUDSS9Ga0i+Ld7+IHOk8Ys="},"chainType":2,"messageKeys":{}},"BSUKqEAyjWBdX5c8osm959/XEM7GIRTmlQ6NXH4jNuUc":{"chainKey":{"counter":-1,"key":"pas8zDfJy8EnWGFCZC7bW2O8Ni5QR7QfDnuYmnT+F3s="},"chainType":1,"messageKeys":{}}}},"Ba1oMdoUZqy5fyOTIifOU7C4uvkAD1KSqHSrT0kWf4Rd":{"registrationId":1457153785,"currentRatchet":{"ephemeralKeyPair":{"pubKey":"BVgAvjdzBPycrC9cuKTu4CY+ei+ap3jPXouFSONBoQhI","privKey":"kDBvJzcAU5OJycpwxB00aTX8dYvpSW1c4hg2nGXnjk8="},"lastRemoteEphemeralKey":"BQ8YD1mURfbkh6xNSzCoNDT9exuubMpvtrooQ3gOPH9c","previousCounter":-1,"rootKey":"f+Yjui9TfWD85UEEyJP/iYfKjxE1xRev992Q4gWvvXc="},"indexInfo":{"baseKey":"Ba1oMdoUZqy5fyOTIifOU7C4uvkAD1KSqHSrT0kWf4Rd","baseKeyType":2,"closed":1743092360737,"used":1743090899495,"created":1743090899495,"remoteIdentityKey":"BY0SbtRLVjiX9ATXHgq8Uef/TiVZpiyXyQiVWn2Rfshj"},"_chains":{"BUQwYE9ILtbIva75cVqey679gCvzTwWR/kSK2hD3n01E":{"chainKey":{"counter":0},"chainType":2,"messageKeys":{}},"BQ8YD1mURfbkh6xNSzCoNDT9exuubMpvtrooQ3gOPH9c":{"chainKey":{"counter":0,"key":"MInAwHl+ZIc7McJVsEjSl1zeVWDgj3OFtrdJP3t/WAw="},"chainType":2,"messageKeys":{}},"BVgAvjdzBPycrC9cuKTu4CY+ei+ap3jPXouFSONBoQhI":{"chainKey":{"counter":0,"key":"MlOZMA16IgiQN0TU350RhJNaiDwCQ3OzAZDBgv9T0m0="},"chainType":1,"messageKeys":{}}}},"BdmjSH4tFUd+Rv7NWZx8quna1shYELlBReYqLpWMs8N8":{"registrationId":1457153785,"currentRatchet":{"ephemeralKeyPair":{"pubKey":"Bd3oBgHG6CSfjLdH6Uhg1ZEn1cIsDjqM3yX8UM4JYrh2","privKey":"mGelVkWZ3/xN+8FU+AMaFWLtmrWSyMzD/RPxZOdgr18="},"lastRemoteEphemeralKey":"BfVxxb67V2liPuPUDXKJfO4n6UhkuQzABm6qxXZ/Oogs","previousCounter":0,"rootKey":"MGl17vEOU5EMblCr1YJY/Wy4XspTRbjfaGYNDY2R9HI="},"indexInfo":{"baseKey":"BdmjSH4tFUd+Rv7NWZx8quna1shYELlBReYqLpWMs8N8","baseKeyType":1,"closed":-1,"used":1743092805612,"created":1743092360698,"remoteIdentityKey":"BY0SbtRLVjiX9ATXHgq8Uef/TiVZpiyXyQiVWn2Rfshj"},"_chains":{"BfVxxb67V2liPuPUDXKJfO4n6UhkuQzABm6qxXZ/Oogs":{"chainKey":{"counter":0,"key":"rz6ygoEdVF8csqzgbPkmivsYRihRZPxlI4FfdIni3x8="},"chainType":2,"messageKeys":{}},"Bd3oBgHG6CSfjLdH6Uhg1ZEn1cIsDjqM3yX8UM4JYrh2":{"chainKey":{"counter":-1,"key":"XI2E/Va8Spg2y0qCL1p6AzyHtm5Dt0ZNbK8cHOBh6PI="},"chainType":1,"messageKeys":{}}}}},"version":"v1"}