{"_sessions":{"BUzD5ZXa+aCFjJ+AY19pePPOpW/NHBr6LSpPnXkWjYIY":{"registrationId":196,"currentRatchet":{"ephemeralKeyPair":{"pubKey":"BWY+dIzHOI61kBURlkxTtq6jvy+ymL2HbDV45gfAB4Zs","privKey":"oCub0OAdIMHrvW+Wi18n6edwWhxhMAgLNJz8q3tfTEA="},"lastRemoteEphemeralKey":"BXwaDD8yKzRHSQviAiW+D1P8WeoGqgQoSOx80oF6fHpI","previousCounter":0,"rootKey":"dxPt8zkBrxlw/XOAUMsEkqZ/VGa8mlVi0sIIXTlwwB0="},"indexInfo":{"baseKey":"BUzD5ZXa+aCFjJ+AY19pePPOpW/NHBr6LSpPnXkWjYIY","baseKeyType":1,"closed":-1,"used":1743090891434,"created":1743090891434,"remoteIdentityKey":"BQqNYeuEv8x7wk1UiVaAlbZVg6zh56AwEXkhzCD7PbMd"},"_chains":{"BWY+dIzHOI61kBURlkxTtq6jvy+ymL2HbDV45gfAB4Zs":{"chainKey":{"counter":2,"key":"SSw20cja+lB0F3CEwlz22hHrO1z5+3O8myRWOPs7K6k="},"chainType":1,"messageKeys":{}}},"pendingPreKey":{"signedKeyId":1,"baseKey":"BUzD5ZXa+aCFjJ+AY19pePPOpW/NHBr6LSpPnXkWjYIY","preKeyId":15}}},"version":"v1"}