{"_sessions":{"BX3tOZlvsw6pex7VsvO1vM6j2qCGUDd052vnZKYGMlIs":{"registrationId":1937779767,"currentRatchet":{"ephemeralKeyPair":{"pubKey":"BUdun1f8y4Ef67M4HiSX3q1pgGSU9rrwZ1aIIk7PBgtK","privKey":"OG5PLvmHIiR5gaUFnC+EFOcY3w4F+N92YXobklNbNFM="},"lastRemoteEphemeralKey":"BQFWNqY++ldDjH1a9XFE47GMa2Yv6WmYSxekHGzUrTAD","previousCounter":0,"rootKey":"GmR5f/m02FpPvz1El1x3siyfa296+jFMix0LMjfFuuk="},"indexInfo":{"baseKey":"BX3tOZlvsw6pex7VsvO1vM6j2qCGUDd052vnZKYGMlIs","baseKeyType":2,"closed":-1,"used":1743090537986,"created":1743090537986,"remoteIdentityKey":"BftxsnZ9K6rPslCfHCrR79eTbQEM75smw0fvOAi3n4V0"},"_chains":{"BQFWNqY++ldDjH1a9XFE47GMa2Yv6WmYSxekHGzUrTAD":{"chainKey":{"counter":9,"key":"hm5dZlJoDtQ8MTnqkIgp8Dv4Wm7GkvRK5EOLRwGkdp8="},"chainType":2,"messageKeys":{"8":"/vWlTNZWyBYu3KlYS6bJSDbc3qTWz0UOIVHnhPEM68A="}},"BUdun1f8y4Ef67M4HiSX3q1pgGSU9rrwZ1aIIk7PBgtK":{"chainKey":{"counter":6,"key":"aHvV0v0+vVn4unK3NcndDtqfJt/2DTdUQLB9z7a2JWo="},"chainType":1,"messageKeys":{}}}}},"version":"v1"}